{
    "new_embodiment": {
        "statistics": {
            "state": {
                "single_arm": {
                    "max": [
                        160.927734375,
                        189.228515625,
                        173.583984375,
                        110.478515625,
                        61.435546875
                    ],
                    "min": [
                        38.056640625,
                        42.802734375,
                        22.412109375,
                        -5.185546875,
                        -137.021484375
                    ],
                    "mean": [
                        94.10661315917969,
                        93.80464935302734,
                        104.91960906982422,
                        57.34180450439453,
                        -53.90055465698242
                    ],
                    "std": [
                        16.860620498657227,
                        27.817033767700195,
                        29.3829345703125,
                        16.53359031677246,
                        35.19451141357422
                    ],
                    "q01": [
                        52.20703125,
                        50.44921875,
                        45.5748046875,
                        15.8203125,
                        -125.5078125
                    ],
                    "q99": [
                        135.52734375,
                        176.572265625,
                        168.134765625,
                        92.4609375,
                        41.91679687499985
                    ]
                },
                "gripper": {
                    "max": [
                        57.46003723144531
                    ],
                    "min": [
                        -2.575488567352295
                    ],
                    "mean": [
                        24.326099395751953
                    ],
                    "std": [
                        14.310999870300293
                    ],
                    "q01": [
                        -0.7104795575141907
                    ],
                    "q99": [
                        51.6873893737793
                    ]
                }
            },
            "action": {
                "single_arm": {
                    "max": [
                        161.455078125,
                        189.66796875,
                        174.990234375,
                        112.236328125,
                        62.75390625
                    ],
                    "min": [
                        38.84765625,
                        43.330078125,
                        20.91796875,
                        -7.20703125,
                        -137.98828125
                    ],
                    "mean": [
                        94.57371520996094,
                        95.25252532958984,
                        104.53071594238281,
                        57.791255950927734,
                        -54.3458366394043
                    ],
                    "std": [
                        16.85411834716797,
                        27.58999252319336,
                        29.793941497802734,
                        16.753890991210938,
                        35.37184143066406
                    ],
                    "q01": [
                        52.646484375,
                        51.943359375,
                        45.287402343749996,
                        15.64453125,
                        -126.123046875
                    ],
                    "q99": [
                        135.966796875,
                        177.626953125,
                        168.22265625,
                        93.66767578124995,
                        42.643652343749885
                    ]
                },
                "gripper": {
                    "max": [
                        58.67697525024414
                    ],
                    "min": [
                        -5.756013870239258
                    ],
                    "mean": [
                        23.897945404052734
                    ],
                    "std": [
                        16.041561126708984
                    ],
                    "q01": [
                        -2.92096209526062
                    ],
                    "q99": [
                        52.40549850463867
                    ]
                }
            }
        },
        "modalities": {
            "video": {
                "webcam": {
                    "resolution": [
                        640,
                        480
                    ],
                    "channels": 3,
                    "fps": 30.0
                }
            },
            "state": {
                "single_arm": {
                    "absolute": true,
                    "rotation_type": null,
                    "shape": [
                        5
                    ],
                    "continuous": true
                },
                "gripper": {
                    "absolute": true,
                    "rotation_type": null,
                    "shape": [
                        1
                    ],
                    "continuous": true
                }
            },
            "action": {
                "single_arm": {
                    "absolute": true,
                    "rotation_type": null,
                    "shape": [
                        5
                    ],
                    "continuous": true
                },
                "gripper": {
                    "absolute": true,
                    "rotation_type": null,
                    "shape": [
                        1
                    ],
                    "continuous": true
                }
            }
        },
        "embodiment_tag": "new_embodiment"
    }
}